Student_id,Student_Name,Student_College,Student_Status,Student_DSAFinalScore,Student_WebDFinalScore,Student_ReactFinalScore,Student_InterviewDate,Student_InterviewCompany,Student_InterviewResult
64c2261f4783e732619678cb,Ankit,CDAC Pune,placed,100,100,300,Mon Mar 4 2024 05:30:00 GMT+0530 (India Standard Time),Google,PASS
64c2261f4783e732619678cb,Ravi,CDAC Punee,placed,100,100,300,Mon Mar 4 2024 05:45:00 GMT+0530 (India Standard Time),Microsoft,PASS
64c2261f4783e732619678cb,Vidushi, UPTU,placed,100,100,300,Mon Mar 4 2024 05:59:00 GMT+0530 (India Standard Time),Microsoft,PASS
64c226404783e732619678d0,Rushab Tak,Pune University,not_placed,120,25,300,Mon Mar 4 2024 06:30:00 GMT+0530 (India Standard Time),Google,PASS
64c226574783e732619678d5,shikha,Govt University,not_placed,100,100,300,Mon Mar 4 2024 06:45:00 GMT+0530 (India Standard Time),Microsoft,FAIL
64c226574783e732619678d5,Pankaj,Govt University,not_placed,100,100,300,Mon Mar 4 2023 07:30:00 GMT+0530 (India Standard Time),Microsoft,On Hold
64c2266e4783e732619678da,Arjun ,LPU University,not_placed,120,90,300,Mon Mar 4 2023 07:45:00 GMT+0530 (India Standard Time),Google,PASS